<?xml version="1.0" encoding="utf-8" standalone="yes"?>
<assembly xmlns="urn:schemas-microsoft-com:asm.v1" manifestVersion="1.0">
	<dependency>
		<dependentAssembly>
			<assemblyIdentity type="win32" name="Microsoft.Windows.Common-Controls" version="6.0.0.0" processorArchitecture="*" language="*" publicKeyToken="6595b64144ccf1df" />
		</dependentAssembly>
	</dependency>

	<trustInfo xmlns="urn:schemas-microsoft-com:asm.v2">
		<security>
			<requestedPrivileges>
				<requestedExecutionLevel level="asInvoker" uiAccess="false" />
			</requestedPrivileges>
		</security>
	</trustInfo>

	<compatibility xmlns="urn:schemas-microsoft-com:compatibility.v1">
		<application>
			<maxversiontested Id="10.0.18362.0"/>
			<supportedOS Id="{e2011457-1546-43c5-a5fe-008deee3d3f0}" /> <!-- vista -->
			<supportedOS Id="{35138b9a-5d96-4fbd-8e2d-a2440225f93a}" /> <!-- win7 -->
			<supportedOS Id="{4a2f28e3-53b9-4441-ba9c-d69d4a4a6e38}" /> <!-- win8 -->
			<supportedOS Id="{1f676c76-80e1-4239-95bb-83d0f6d0da78}" /> <!-- win8.1 -->
			<supportedOS Id="{8e0f7a12-bfb3-4fe8-b9a5-48fd50a15a9a}" /> <!-- win10 -->
		</application>
	</compatibility>

	<application xmlns="urn:schemas-microsoft-com:asm.v3">
		<windowsSettings>
			<dpiAware xmlns="http://schemas.microsoft.com/SMI/2005/WindowsSettings">true</dpiAware>
			<dpiAwareness xmlns="http://schemas.microsoft.com/SMI/2016/WindowsSettings">PerMonitorV2, PerMonitor</dpiAwareness>
			<disableWindowFiltering xmlns="http://schemas.microsoft.com/SMI/2011/WindowsSettings">true</disableWindowFiltering>
			<printerDriverIsolation xmlns="http://schemas.microsoft.com/SMI/2011/WindowsSettings">true</printerDriverIsolation>
			<longPathAware xmlns="http://schemas.microsoft.com/SMI/2016/WindowsSettings">true</longPathAware>
			<activeCodePage xmlns="http://schemas.microsoft.com/SMI/2019/WindowsSettings">UTF-8</activeCodePage>
			<heapType xmlns="http://schemas.microsoft.com/SMI/2020/WindowsSettings">SegmentHeap</heapType>
		</windowsSettings>
	</application>
</assembly>
